component,spec_value_freq50,spec_value_freq100,spec_value_freq150,nr_of_frequencies,nr_chrgrams,nr_time_points_chrgram1,chrgram1,elution_peak_pos_chrgram1,elution_peak_val_chrgram1,area_under_peak_chrgram1,nr_time_points_chrgram2,chrgram2,elution_peak_pos_chrgram2,elution_peak_val_chrgram2,area_under_peak_chrgram2,nr_time_points_chrgram3,chrgram3,elution_peak_pos_chrgram3,elution_peak_val_chrgram3,area_under_peak_chrgram3
Component1,0.6546854315361899,0.70914008409356,0.26173904344986765,3,3,454.0,0.5031005120804672,372.0,0.19328223698434768,-656.0615589050502,549.0,0.671382537948392,463.0,0.16364630124227267,2082.3275738292,406.0,0.5441832067257754,372.0,0.2197580245482793,239.03840870689564
Component2,0.8037894506670167,0.5094460006227585,0.3072251478083985,3,3,454.0,0.5896575754450942,406.0,0.09626575244637,7938.246175680084,549.0,0.584492661098921,548.0,0.14838016697084314,8554.19728586824,406.0,0.5573798281618335,405.0,0.11223382135840451,6171.183095379141
