component,spec_value_freq50,spec_value_freq100,spec_value_freq150,nr_of_frequencies,nr_chrgrams,nr_time_points_chrgram1,chrgram1,elution_peak_pos_chrgram1,elution_peak_val_chrgram1,area_under_peak_chrgram1,nr_time_points_chrgram2,chrgram2,elution_peak_pos_chrgram2,elution_peak_val_chrgram2,area_under_peak_chrgram2,nr_time_points_chrgram3,chrgram3,elution_peak_pos_chrgram3,elution_peak_val_chrgram3,area_under_peak_chrgram3,nr_time_points_chrgram4,chrgram4,elution_peak_pos_chrgram4,elution_peak_val_chrgram4,area_under_peak_chrgram4
Component1,0.819450705615016,0.5376368369058855,0.1986131231034013,3,4,709.0,0.2709301859605747,520.0,0.07902419959810204,17602.370418129605,750.0,0.5801475254237652,562.0,0.10895840023877897,17602.51852278374,750.0,0.4622793391581644,559.0,0.15526955997973943,16685.482121248777,750.0,0.6134521135895947,560.0,0.10345387908282552,18064.968202007447
Component2,0.4940617478305082,0.8688818315714979,0.03077908536039713,3,4,709.0,0.18660003194029215,698.0,0.2419820905343509,1740.4798238901471,750.0,0.5946894645426913,743.0,0.2583274484378005,2083.9980851477553,750.0,0.5310706128599442,738.0,0.24349090567429085,2146.2103230981934,750.0,0.5740112133036882,741.0,0.24882870426058432,1980.8645134329847
